The	O
Relationship	O
of	O
Urinary	O
Metabolites	O
of	O
Carbaryl	B-Chemical
/	O
Naphthalene	B-Chemical
and	O
Chlorpyrifos	B-Chemical
with	O
Human	O
Semen	O
Quality	O
	
Most	O
of	O
the	O
general	O
population	O
is	O
exposed	O
to	O
carbaryl	B-Chemical
and	O
other	O
contemporary	O
-	O
use	O
insecticides	O
at	O
low	O
levels	O
.	O
	
Studies	O
of	O
laboratory	O
animals	O
","	O
in	O
addition	O
to	O
limited	O
human	O
data	O
","	O
show	O
an	O
association	O
between	O
carbaryl	B-Chemical
exposure	O
and	O
decreased	O
semen	O
quality	O
.	O
	
In	O
the	O
present	O
study	O
we	O
explored	O
whether	O
environmental	O
exposures	O
to	O
1	B-Chemical
-	I-Chemical
naphthol	I-Chemical
(	O
1N	B-Chemical
"),"	O
a	O
metabolite	O
of	O
carbaryl	B-Chemical
and	O
naphthalene	B-Chemical
","	O
and	O
3	B-Chemical
","	I-Chemical
5	I-Chemical
","	I-Chemical
6	I-Chemical
-	I-Chemical
trichloro	I-Chemical
-	I-Chemical
2	I-Chemical
-	I-Chemical
pyridinol	I-Chemical
(	O
TCPY	B-Chemical
"),"	O
a	O
metabolite	O
of	O
chlorpyrifos	B-Chemical
and	O
chlorpyrifos	B-Chemical
-	I-Chemical
methyl	I-Chemical
","	O
are	O
associated	O
with	O
decreased	O
semen	O
quality	O
in	O
humans	O
.	O
	
Subjects	O
(	O
n	O
=	O
272	O
)	O
were	O
recruited	O
through	O
a	O
Massachusetts	O
infertility	O
clinic	O
.	O
	
Individual	O
exposures	O
were	O
measured	O
as	O
spot	O
urinary	O
concentrations	O
of	O
1N	B-Chemical
and	O
TCPY	B-Chemical
adjusted	O
using	O
specific	O
gravity	O
.	O
	
Semen	O
quality	O
was	O
assessed	O
as	O
sperm	O
concentration	O
","	O
percent	O
motile	O
sperm	O
","	O
and	O
percent	O
sperm	O
with	O
normal	O
morphology	O
","	O
along	O
with	O
sperm	O
motion	O
parameters	O
(	O
straight	O
-	O
line	O
velocity	O
","	O
curvilinear	O
velocity	O
","	O
and	O
linearity	O
).	O
	
Median	O
TCPY	B-Chemical
and	O
1N	B-Chemical
concentrations	O
were	O
3	O
.	O
22	O
and	O
3	O
.	O
19	O
μg	O
/	O
L	O
","	O
respectively	O
.	O
	
For	O
increasing	O
1N	B-Chemical
tertiles	O
","	O
adjusted	O
odds	O
ratios	O
(	O
ORs	O
)	O
were	O
significantly	O
elevated	O
for	O
below	O
-	O
reference	O
sperm	O
concentration	O
(	O
OR	O
for	O
low	O
","	O
medium	O
","	O
and	O
high	O
tertiles	O
=	O
1	O
.	O
0	O
","	O
4	O
.	O
2	O
","	O
4	O
.	O
2	O
","	O
respectively	O
;	O
p	O
-	O
value	O
for	O
trend	O
=	O
0	O
.	O
1	O
)	O
and	O
percent	O
motile	O
sperm	O
(	O
1	O
.	O
0	O
","	O
2	O
.	O
5	O
","	O
2	O
.	O
4	O
;	O
p	O
-	O
value	O
for	O
trend	O
=	O
0	O
.	O
1	O
).	O
	
The	O
sperm	O
motion	O
parameter	O
most	O
strongly	O
associated	O
with	O
1N	B-Chemical
was	O
straight	O
-	O
line	O
velocity	O
.	O
	
There	O
were	O
suggestive	O
","	O
borderline	O
-	O
significant	O
associations	O
for	O
TCPY	B-Chemical
with	O
sperm	O
concentration	O
and	O
motility	O
","	O
whereas	O
sperm	O
morphology	O
was	O
weakly	O
and	O
nonsignificantly	O
associated	O
with	O
both	O
TCPY	B-Chemical
and	O
1N	B-Chemical
.	O
	
The	O
observed	O
associations	O
between	O
altered	O
semen	O
quality	O
and	O
1N	B-Chemical
are	O
consistent	O
with	O
previous	O
studies	O
of	O
carbaryl	B-Chemical
exposure	O
","	O
although	O
suggestive	O
associations	O
with	O
TCPY	B-Chemical
are	O
difficult	O
to	O
interpret	O
because	O
human	O
and	O
animal	O
data	O
are	O
currently	O
limited	O
.	O
	
Despite	O
the	O
ubiquitous	O
use	O
of	O
insecticides	O
and	O
subsequent	O
exposure	O
among	O
the	O
general	O
population	O
[	O
Centers	O
for	O
Disease	O
Control	O
and	O
Prevention	O
(	O
CDC	O
)	O
2003	O
;	O
Hill	O
et	O
al	O
.	O
	
1995	O
;	O
MacIntosh	O
et	O
al	O
.	O
	
1999	O
"],"	O
there	O
are	O
limited	O
human	O
studies	O
investigating	O
associations	O
between	O
exposure	O
to	O
contemporary	O
-	O
use	O
insecticides	O
at	O
environmental	O
levels	O
and	O
male	O
reproductive	O
health	O
.	O
	
Human	O
and	O
animal	O
data	O
suggest	O
a	O
potential	O
association	O
between	O
exposures	O
to	O
some	O
commonly	O
used	O
insecticides	O
and	O
decreased	O
semen	O
quality	O
.	O
	
A	O
study	O
of	O
workers	O
that	O
packaged	O
carbaryl	B-Chemical
found	O
an	O
increased	O
proportion	O
of	O
oligozoospermic	O
(<	O
20	O
million	O
sperm	O
/	O
mL	O
)	O
and	O
teratospermic	O
(>	O
60	O
%	O
abnormal	O
sperm	O
morphology	O
)	O
men	O
compared	O
with	O
a	O
reference	O
group	O
of	O
chemical	O
workers	O
(	O
Whorton	O
et	O
al	O
.	O
	
1979	O
;	O
Wyrobek	O
et	O
al	O
.	O
	
1981	O
).	O
	
Further	O
support	O
for	O
carbaryl	B-Chemical
’	O
s	O
testicular	O
toxicity	O
comes	O
from	O
studies	O
in	O
laboratory	O
rats	O
that	O
showed	O
associations	O
between	O
carbaryl	B-Chemical
exposure	O
and	O
sperm	O
shape	O
abnormalities	O
and	O
chromosomal	O
aberrations	O
(	O
Luca	O
and	O
Balan	O
1987	O
"),"	O
as	O
well	O
as	O
dose	O
–	O
response	O
relationships	O
between	O
carbaryl	B-Chemical
exposure	O
and	O
a	O
decline	O
in	O
epididymal	O
sperm	O
count	O
and	O
motility	O
and	O
increased	O
abnormal	O
sperm	O
morphology	O
(	O
Pant	O
et	O
al	O
.	O
	
1995	O
","	O
1996	O
;	O
Rybakova	O
1966	O
;	O
Shtenberg	O
and	O
Rybakova	O
1968	O
).	O
	
Carbaryl	B-Chemical
was	O
also	O
found	O
to	O
disrupt	O
endocrine	O
regulation	O
of	O
gonadal	O
function	O
in	O
fish	O
(	O
Ghosh	O
and	O
Bhattacharya	O
1990	O
).	O
	
Chlorpyrifos	B-Chemical
","	O
a	O
frequently	O
used	O
insecticide	O
until	O
being	O
banned	O
for	O
residential	O
use	O
(	O
Lewis	O
2000	O
"),"	O
is	O
less	O
studied	O
than	O
is	O
carbaryl	B-Chemical
for	O
its	O
testicular	O
toxicity	O
but	O
has	O
been	O
found	O
to	O
disrupt	O
endocrine	O
regulation	O
in	O
ewes	O
(	O
Rawlings	O
et	O
al	O
.	O
	
1998	O
).	O
	
Recently	O
","	O
the	O
CDC	O
reported	O
measurable	O
levels	O
of	O
urinary	O
3	B-Chemical
","	I-Chemical
5	I-Chemical
","	I-Chemical
6	I-Chemical
-	I-Chemical
trichloro	I-Chemical
-	I-Chemical
2	I-Chemical
-	I-Chemical
pyridinol	I-Chemical
(	O
TCPY	B-Chemical
"),"	O
a	O
metabolite	O
of	O
chlorpyrifos	B-Chemical
and	O
chlorpyrifos	B-Chemical
-	I-Chemical
methyl	I-Chemical
","	O
and	O
1	B-Chemical
-	I-Chemical
naphthol	I-Chemical
(	O
1N	B-Chemical
"),"	O
a	O
metabolite	O
of	O
carbaryl	B-Chemical
and	O
naphthalene	B-Chemical
","	O
in	O
>	O
90	O
%	O
and	O
75	O
%	O
of	O
males	O
in	O
the	O
United	O
States	O
","	O
respectively	O
(	O
CDC	O
2003	O
).	O
	
The	O
present	O
study	O
was	O
designed	O
to	O
investigate	O
the	O
association	O
between	O
environmental	O
exposure	O
to	O
the	O
nonpersistent	O
insecticides	O
chlorpyrifos	B-Chemical
and	O
carbaryl	B-Chemical
and	O
altered	O
semen	O
quality	O
among	O
adult	O
men	O
.	O
	
Insecticide	O
metabolite	O
levels	O
in	O
urine	O
were	O
used	O
as	O
biomarkers	O
of	O
chlorpyrifos	B-Chemical
and	O
carbaryl	B-Chemical
exposure	O
.	O
	
Materials	O
and	O
Methods	O
	
Study	O
subjects	O
were	O
men	O
who	O
were	O
partners	O
in	O
subfertile	O
couples	O
seeking	O
infertility	O
diagnosis	O
from	O
the	O
Vincent	O
Burnham	O
Andrology	O
lab	O
at	O
Massachusetts	O
General	O
Hospital	O
(	O
Boston	O
","	O
MA	O
)	O
between	O
January	O
2000	O
and	O
April	O
2003	O
.	O
	
The	O
study	O
was	O
approved	O
by	O
the	O
human	O
studies	O
institutional	O
review	O
boards	O
of	O
the	O
Massachusetts	O
General	O
Hospital	O
and	O
the	O
Harvard	O
School	O
of	O
Public	O
Health	O
.	O
	
After	O
the	O
study	O
procedures	O
were	O
explained	O
and	O
all	O
questions	O
answered	O
","	O
subjects	O
signed	O
informed	O
consent	O
forms	O
.	O
	
Details	O
of	O
subject	O
recruitment	O
have	O
been	O
previously	O
described	O
(	O
Hauser	O
et	O
al	O
.	O
	
2003	O
).	O
	
Briefly	O
","	O
consecutive	O
eligible	O
men	O
were	O
recruited	O
to	O
participate	O
.	O
	
Of	O
those	O
approached	O
","	O
65	O
%	O
consented	O
.	O
	
Most	O
men	O
who	O
declined	O
to	O
participate	O
in	O
the	O
study	O
cited	O
lack	O
of	O
time	O
on	O
the	O
day	O
of	O
their	O
clinic	O
visit	O
as	O
the	O
reason	O
for	O
not	O
participating	O
.	O
	
Men	O
with	O
a	O
medical	O
history	O
of	O
risk	O
factors	O
for	O
infertility	O
(	O
e	O
.	O
g	O
".,"	O
varicocele	O
or	O
orchidopexy	O
)	O
were	O
a	O
priori	O
excluded	O
from	O
the	O
study	O
analyses	O
.	O
	
None	O
of	O
the	O
men	O
reported	O
occupational	O
exposure	O
to	O
pesticides	O
or	O
other	O
agents	O
suspected	O
to	O
be	O
associated	O
with	O
semen	O
quality	O
.	O
	
A	O
single	O
spot	O
urine	O
sample	O
was	O
collected	O
from	O
each	O
subject	O
on	O
the	O
same	O
day	O
as	O
the	O
semen	O
sample	O
.	O
	
Urine	O
samples	O
were	O
frozen	O
at	O
−	O
20	O
°	O
C	O
and	O
mailed	O
on	O
dry	O
ice	O
to	O
the	O
CDC	O
","	O
where	O
TCPY	B-Chemical
and	O
1N	B-Chemical
were	O
measured	O
as	O
previously	O
described	O
by	O
Hill	O
et	O
al	O
.	O
	
(	O
1995	O
).	O
	
Briefly	O
","	O
samples	O
were	O
fortified	O
with	O
stable	O
isotope	O
analogs	O
of	O
the	O
target	O
analytes	O
","	O
and	O
glucuronide	B-Chemical
or	O
sulfate	B-Chemical
-	O
bound	O
metabolites	O
were	O
liberated	O
using	O
an	O
enzyme	O
hydrolysis	O
.	O
	
TCPY	B-Chemical
and	O
1N	B-Chemical
were	O
isolated	O
using	O
liquid	O
–	O
liquid	O
extraction	O
","	O
chemically	O
derivatized	O
","	O
and	O
measured	O
using	O
gas	O
chromatography	O
–	O
chemical	O
ionization	O
–	O
tandem	O
mass	O
spectrometry	O
.	O
	
Although	O
creatinine	B-Chemical
concentrations	O
are	O
commonly	O
used	O
to	O
adjust	O
for	O
variable	O
urine	O
dilution	O
in	O
spot	O
samples	O
when	O
measuring	O
pesticide	O
metabolites	O
","	O
creatinine	B-Chemical
adjustment	O
may	O
not	O
be	O
appropriate	O
for	O
compounds	O
that	O
undergo	O
active	O
tubular	O
secretion	O
","	O
which	O
includes	O
organic	O
compounds	O
such	O
as	O
TCPY	B-Chemical
and	O
1N	B-Chemical
that	O
can	O
be	O
conjugated	O
by	O
the	O
liver	O
in	O
the	O
form	O
of	O
glucuronides	B-Chemical
or	O
sulfates	O
(	O
Boeniger	O
et	O
al	O
.	O
	
1993	O
).	O
	
Creatinine	B-Chemical
levels	O
also	O
vary	O
by	O
sex	O
","	O
age	O
","	O
muscle	O
mass	O
","	O
race	O
","	O
diet	O
","	O
activity	O
","	O
and	O
time	O
of	O
day	O
.	O
	
Therefore	O
","	O
adjusting	O
urine	O
insecticide	O
metabolite	O
concentrations	O
using	O
specific	O
gravity	O
(	O
SG	O
)	O
may	O
be	O
more	O
appropriate	O
;	O
thus	O
","	O
SG	O
was	O
used	O
as	O
the	O
primary	O
method	O
for	O
dilution	O
adjustment	O
in	O
the	O
present	O
study	O
.	O
	
However	O
","	O
in	O
addition	O
to	O
SG	O
-	O
adjusted	O
results	O
","	O
volume	O
-	O
based	O
(	O
unadjusted	O
)	O
and	O
creatinine	B-Chemical
-	O
adjusted	O
TCPY	B-Chemical
and	O
1N	B-Chemical
concentrations	O
were	O
also	O
determined	O
to	O
allow	O
for	O
comparisons	O
with	O
exposure	O
distributions	O
from	O
other	O
studies	O
.	O
	
Samples	O
with	O
creatinine	B-Chemical
concentrations	O
>	O
300	O
mg	O
/	O
dL	O
or	O
<	O
30	O
mg	O
/	O
dL	O
","	O
or	O
with	O
SG	O
>	O
1	O
.	O
3	O
or	O
<	O
1	O
.	O
1	O
","	O
were	O
considered	O
too	O
concentrated	O
or	O
too	O
dilute	O
","	O
respectively	O
","	O
to	O
provide	O
valid	O
results	O
(	O
Teass	O
et	O
al	O
.	O
	
1998	O
)	O
and	O
were	O
excluded	O
.	O
	
Creatinine	B-Chemical
was	O
measured	O
photo	O
-	O
metrically	O
using	O
kinetic	O
colorimetric	O
assay	O
technology	O
with	O
a	O
Hitachi	O
911	O
automated	O
chemistry	O
analyzer	O
(	O
Roche	O
Diagnostics	O
","	O
Indianapolis	O
","	O
IN	O
).	O
	
SG	O
was	O
measured	O
using	O
a	O
handheld	O
refractometer	O
(	O
National	O
Instrument	O
Company	O
Inc	O
".,"	O
Baltimore	O
","	O
MD	O
).	O
	
Measurement	O
of	O
the	O
semen	O
parameters	O
(	O
sperm	O
concentration	O
","	O
motility	O
","	O
and	O
morphology	O
)	O
has	O
been	O
described	O
previously	O
(	O
Hauser	O
et	O
al	O
.	O
	
2003	O
).	O
	
Briefly	O
","	O
we	O
measured	O
sperm	O
count	O
and	O
motility	O
by	O
computer	O
-	O
aided	O
semen	O
analysis	O
(	O
CASA	O
)	O
using	O
the	O
Hamilton	O
Thorne	O
IVOS	O
10	O
Analyzer	O
(	O
Hamilton	O
-	O
Thorne	O
Research	O
","	O
Beverly	O
","	O
MA	O
).	O
	
To	O
assess	O
sperm	O
morphology	O
","	O
we	O
evaluated	O
200	O
sperm	O
using	O
the	O
Tygerberg	O
Strict	O
Criteria	O
(	O
Kruger	O
et	O
al	O
.	O
	
1988	O
).	O
	
In	O
addition	O
","	O
seven	O
CASA	O
motion	O
parameters	O
were	O
measured	O
.	O
	
Measurement	O
of	O
these	O
parameters	O
has	O
been	O
previously	O
described	O
(	O
Duty	O
et	O
al	O
.	O
	
2004	O
).	O
	
Briefly	O
","	O
CASA	O
outcomes	O
included	O
a	O
mathematically	O
smoothed	O
velocity	O
(	O
designated	O
VAP	O
"),"	O
straight	O
-	O
line	O
velocity	O
(	O
VSL	O
"),"	O
curvilinear	O
velocity	O
(	O
VCL	O
"),"	O
amplitude	O
of	O
lateral	O
head	O
displacement	O
(	O
ALH	O
)	O
that	O
corresponds	O
to	O
the	O
mean	O
width	O
of	O
the	O
head	O
oscillation	O
as	O
the	O
cell	O
swims	O
","	O
and	O
beat	O
cross	O
frequency	O
(	O
BCF	O
"),"	O
which	O
measures	O
the	O
frequency	O
with	O
which	O
the	O
cell	O
track	O
crosses	O
the	O
cell	O
path	O
in	O
either	O
direction	O
.	O
	
VAP	O
","	O
VSL	O
","	O
straightness	O
(	O
STR	O
=	O
VSL	O
/	O
VAP	O
×	O
100	O
"),"	O
and	O
linearity	O
(	O
LIN	O
=	O
VSL	O
/	O
VCL	O
×	O
100	O
)	O
are	O
indicators	O
of	O
sperm	O
progression	O
","	O
whereas	O
VCL	O
","	O
ALH	O
","	O
and	O
BCF	O
are	O
indicators	O
of	O
sperm	O
vigor	O
.	O
	
We	O
also	O
used	O
STR	O
and	O
LIN	O
to	O
describe	O
sperm	O
swimming	O
pattern	O
.	O
	
Some	O
of	O
the	O
CASA	O
parameters	O
were	O
strongly	O
correlated	O
with	O
each	O
other	O
because	O
they	O
describe	O
different	O
aspects	O
of	O
the	O
same	O
movement	O
.	O
	
Measures	O
of	O
progression	O
","	O
VAP	O
and	O
VSL	O
","	O
were	O
highly	O
correlated	O
","	O
which	O
indicated	O
they	O
were	O
likely	O
measuring	O
a	O
similar	O
characteristic	O
of	O
sperm	O
movement	O
.	O
	
We	O
chose	O
VSL	O
over	O
VAP	O
as	O
a	O
measure	O
of	O
progression	O
because	O
it	O
is	O
a	O
direct	O
measurement	O
as	O
opposed	O
to	O
a	O
mathematically	O
smoothed	O
value	O
.	O
	
VCL	O
was	O
chosen	O
as	O
a	O
measure	O
of	O
vigor	O
and	O
was	O
strongly	O
and	O
positively	O
correlated	O
with	O
ALH	O
but	O
not	O
correlated	O
with	O
BCF	O
.	O
	
The	O
two	O
measures	O
of	O
swimming	O
pattern	O
(	O
LIN	O
and	O
STR	O
)	O
were	O
strongly	O
correlated	O
","	O
indicating	O
they	O
were	O
likely	O
measuring	O
a	O
similar	O
characteristic	O
of	O
sperm	O
movement	O
.	O
	
We	O
chose	O
LIN	O
as	O
a	O
measure	O
of	O
swimming	O
pattern	O
because	O
the	O
other	O
parameters	O
chosen	O
for	O
this	O
study	O
(	O
VSL	O
and	O
VCL	O
)	O
are	O
components	O
of	O
LIN	O
and	O
not	O
of	O
STR	O
.	O
	
Therefore	O
","	O
we	O
chose	O
measure	O
of	O
progression	O
(	O
VSL	O
"),"	O
vigor	O
(	O
VCL	O
"),"	O
and	O
swimming	O
pattern	O
(	O
LIN	O
)	O
for	O
statistical	O
analyses	O
.	O
	
These	O
three	O
measures	O
are	O
also	O
not	O
as	O
heavily	O
dependent	O
on	O
the	O
type	O
of	O
CASA	O
instrument	O
used	O
","	O
allowing	O
for	O
some	O
comparison	O
with	O
results	O
from	O
other	O
studies	O
.	O
	
Statistical	O
analysis	O
.	O
	
Statistical	O
analyses	O
were	O
performed	O
using	O
semen	O
parameters	O
both	O
as	O
a	O
continuous	O
measure	O
and	O
dichotomized	O
using	O
World	O
Health	O
Organization	O
(	O
WHO	O
)	O
reference	O
values	O
for	O
sperm	O
concentration	O
(<	O
20	O
million	O
sperm	O
/	O
mL	O
)	O
and	O
motility	O
(<	O
50	O
%	O
motile	O
sperm	O
;	O
WHO	O
1999	O
).	O
	
We	O
used	O
the	O
Tygerberg	O
Strict	O
Criteria	O
for	O
morphology	O
to	O
determine	O
below	O
-	O
reference	O
morphology	O
(<	O
4	O
%	O
normal	O
morphology	O
)	O
(	O
Kruger	O
et	O
al	O
.	O
	
1988	O
).	O
	
Men	O
with	O
values	O
above	O
reference	O
values	O
for	O
all	O
three	O
semen	O
parameters	O
were	O
used	O
as	O
comparison	O
subjects	O
in	O
the	O
logistic	O
regression	O
models	O
.	O
	
For	O
the	O
CASA	O
motion	O
parameters	O
(	O
VSL	O
","	O
VCL	O
","	O
and	O
LIN	O
"),"	O
we	O
used	O
multiple	O
linear	O
regression	O
models	O
to	O
assess	O
associations	O
with	O
insecticide	O
metabolites	O
.	O
	
Nine	O
azoospermic	O
men	O
were	O
excluded	O
from	O
the	O
CASA	O
analyses	O
because	O
motion	O
parameters	O
were	O
not	O
measurable	O
.	O
	
Insecticide	O
metabolite	O
concentrations	O
were	O
used	O
both	O
as	O
a	O
continuous	O
measure	O
and	O
categorized	O
into	O
tertiles	O
.	O
	
For	O
metabolite	O
values	O
below	O
the	O
limit	O
of	O
detection	O
(	O
LOD	O
"),"	O
corresponding	O
to	O
0	O
.	O
25	O
μg	O
/	O
L	O
for	O
TCPY	B-Chemical
and	O
0	O
.	O
40	O
μg	O
/	O
L	O
for	O
1N	B-Chemical
","	O
an	O
imputed	O
value	O
equal	O
to	O
one	O
-	O
half	O
the	O
LOD	O
was	O
used	O
.	O
	
Normality	O
of	O
the	O
metabolite	O
concentrations	O
and	O
semen	O
parameters	O
was	O
assessed	O
","	O
and	O
appropriate	O
transformations	O
were	O
performed	O
before	O
linear	O
regression	O
.	O
	
Distributions	O
of	O
TCPY	B-Chemical
","	O
1N	B-Chemical
","	O
and	O
sperm	O
concentration	O
were	O
log	O
-	O
transformed	O
in	O
the	O
models	O
.	O
	
The	O
remaining	O
semen	O
parameters	O
and	O
CASA	O
parameters	O
were	O
normally	O
distributed	O
and	O
not	O
transformed	O
.	O
	
Semen	O
parameters	O
were	O
stratified	O
by	O
demographic	O
categories	O
to	O
investigate	O
the	O
potential	O
for	O
confounding	O
.	O
	
Associations	O
between	O
demographic	O
variables	O
and	O
insecticide	O
metabolite	O
levels	O
were	O
also	O
explored	O
.	O
	
We	O
considered	O
smoking	O
status	O
","	O
race	O
","	O
age	O
","	O
body	O
mass	O
index	O
","	O
a	O
previous	O
exam	O
for	O
infertility	O
","	O
and	O
abstinence	O
time	O
as	O
potential	O
covariates	O
.	O
	
Inclusion	O
of	O
covariates	O
in	O
the	O
models	O
was	O
based	O
on	O
statistical	O
and	O
biological	O
considerations	O
(	O
Hosmer	O
and	O
Lemeshow	O
1989	O
).	O
	
Covariates	O
were	O
entered	O
into	O
the	O
models	O
individually	O
in	O
a	O
forward	O
stepwise	O
manner	O
.	O
	
Covariates	O
that	O
changed	O
the	O
exposure	O
parameter	O
estimate	O
by	O
greater	O
than	O
10	O
%	O
were	O
retained	O
in	O
the	O
multivariate	O
model	O
and	O
were	O
considered	O
confounders	O
.	O
	
There	O
was	O
evidence	O
of	O
confounding	O
by	O
both	O
age	O
and	O
abstinence	O
time	O
in	O
many	O
","	O
but	O
not	O
all	O
","	O
of	O
the	O
models	O
for	O
the	O
various	O
outcome	O
measures	O
.	O
	
However	O
","	O
because	O
there	O
is	O
evidence	O
that	O
age	O
and	O
abstinence	O
time	O
are	O
associated	O
with	O
semen	O
quality	O
","	O
we	O
included	O
them	O
in	O
all	O
multivariate	O
models	O
(	O
Blackwell	O
and	O
Zaneveld	O
1992	O
;	O
Kidd	O
et	O
al	O
.	O
	
2001	O
).	O
	
Age	O
was	O
modeled	O
as	O
a	O
continuous	O
independent	O
variable	O
.	O
	
Abstinence	O
time	O
was	O
modeled	O
as	O
an	O
ordinal	O
variable	O
with	O
five	O
categories	O
:	O
≤	O
2	O
","	O
3	O
","	O
4	O
","	O
5	O
","	O
and	O
≥	O
6	O
days	O
.	O
	
Results	O
	
A	O
total	O
of	O
330	O
eligible	O
men	O
provided	O
a	O
single	O
semen	O
and	O
urine	O
sample	O
.	O
	
The	O
distributions	O
of	O
urinary	O
levels	O
of	O
TCPY	B-Chemical
and	O
1N	B-Chemical
for	O
the	O
330	O
men	O
are	O
presented	O
in	O
Table	O
1	O
","	O
as	O
are	O
adjusted	O
metabolite	O
distributions	O
after	O
excluding	O
men	O
with	O
highly	O
concentrated	O
or	O
dilute	O
samples	O
according	O
to	O
creatinine	B-Chemical
(	O
23	O
of	O
330	O
men	O
;	O
n	O
=	O
307	O
)	O
or	O
SG	O
(	O
58	O
of	O
330	O
men	O
;	O
n	O
=	O
272	O
).	O
	
SG	O
-	O
adjusted	O
TCPY	B-Chemical
and	O
1N	B-Chemical
levels	O
were	O
moderately	O
correlated	O
(	O
Spearman	O
correlation	O
coefficient	O
=	O
0	O
.	O
3	O
;	O
p	O
<	O
0	O
.	O
1	O
).	O
	
Demographic	O
characteristics	O
and	O
semen	O
parameters	O
are	O
described	O
in	O
Table	O
2	O
.	O
	
Subjects	O
were	O
primarily	O
white	O
(	O
82	O
"%),"	O
with	O
a	O
mean	O
(±	O
SD	O
)	O
age	O
of	O
36	O
.	O
2	O
±	O
5	O
.	O
5	O
years	O
","	O
and	O
72	O
%	O
had	O
never	O
smoked	O
.	O
	
The	O
proportion	O
of	O
men	O
with	O
a	O
previous	O
exam	O
for	O
infertility	O
was	O
higher	O
among	O
all	O
three	O
of	O
the	O
below	O
-	O
reference	O
semen	O
parameter	O
groups	O
(	O
48	O
"%,"	O
36	O
"%,"	O
and	O
40	O
%	O
for	O
sperm	O
concentration	O
","	O
motility	O
","	O
and	O
morphology	O
groups	O
","	O
respectively	O
)	O
than	O
among	O
the	O
comparison	O
group	O
(	O
25	O
%).	O
	
The	O
semen	O
parameter	O
categories	O
were	O
not	O
mutually	O
exclusive	O
.	O
	
A	O
man	O
could	O
contribute	O
data	O
to	O
one	O
","	O
two	O
","	O
or	O
all	O
three	O
of	O
the	O
below	O
-	O
reference	O
groups	O
.	O
	
Odds	O
ratios	O
(	O
ORs	O
)	O
for	O
the	O
relationship	O
between	O
dichotomized	O
semen	O
parameters	O
and	O
SG	O
-	O
adjusted	O
metabolite	O
tertiles	O
are	O
presented	O
in	O
Table	O
3	O
.	O
	
Compared	O
with	O
men	O
in	O
the	O
lowest	O
1N	B-Chemical
tertile	O
","	O
men	O
in	O
both	O
the	O
medium	O
and	O
high	O
SG	O
-	O
adjusted	O
1N	B-Chemical
tertiles	O
were	O
more	O
likely	O
to	O
have	O
below	O
-	O
reference	O
sperm	O
concentration	O
{	O
ORs	O
for	O
increasing	O
exposure	O
tertiles	O
=	O
1	O
.	O
0	O
","	O
4	O
.	O
2	O
[	O
95	O
%	O
confidence	O
interval	O
(	O
CI	O
"),"	O
1	O
.	O
4	O
–	O
13	O
.	O
0	O
"],"	O
4	O
.	O
2	O
[	O
95	O
%	O
CI	O
","	O
1	O
.	O
4	O
–	O
12	O
.	O
6	O
];	O
p	O
-	O
value	O
for	O
trend	O
=	O
0	O
.	O
1	O
}	O
and	O
sperm	O
motility	O
[	O
1	O
.	O
0	O
","	O
2	O
.	O
5	O
(	O
95	O
%	O
CI	O
","	O
1	O
.	O
3	O
–	O
4	O
.	O
7	O
"),"	O
2	O
.	O
4	O
(	O
95	O
%	O
CI	O
","	O
1	O
.	O
2	O
–	O
4	O
.	O
5	O
);	O
p	O
-	O
value	O
for	O
trend	O
=	O
0	O
.	O
1	O
].	O
	
Although	O
the	O
ORs	O
for	O
the	O
second	O
and	O
third	O
tertiles	O
were	O
both	O
significantly	O
different	O
from	O
1	O
.	O
0	O
","	O
the	O
exposure	O
–	O
response	O
trends	O
were	O
not	O
monotonic	O
.	O
	
There	O
were	O
suggestive	O
associations	O
between	O
SG	O
-	O
adjusted	O
TCPY	B-Chemical
with	O
sperm	O
concentration	O
(	O
1	O
.	O
0	O
","	O
2	O
.	O
1	O
","	O
2	O
.	O
4	O
;	O
p	O
-	O
value	O
for	O
trend	O
=	O
0	O
.	O
9	O
)	O
and	O
sperm	O
motility	O
(	O
1	O
.	O
0	O
","	O
1	O
.	O
6	O
","	O
1	O
.	O
7	O
;	O
p	O
-	O
value	O
for	O
trend	O
=	O
0	O
.	O
9	O
).	O
	
However	O
","	O
the	O
estimates	O
for	O
the	O
second	O
and	O
third	O
tertiles	O
suggest	O
that	O
the	O
dose	O
–	O
response	O
relationship	O
was	O
not	O
monotonic	O
.	O
	
Sperm	O
morphology	O
was	O
weakly	O
associated	O
with	O
both	O
TCPY	B-Chemical
and	O
1N	B-Chemical
.	O
	
To	O
further	O
explore	O
potential	O
dose	O
–	O
response	O
relationships	O
","	O
subjects	O
were	O
divided	O
into	O
quintiles	O
based	O
on	O
SG	O
-	O
adjusted	O
1N	B-Chemical
and	O
TCPY	B-Chemical
concentrations	O
(	O
Figures	O
1	O
and	O
2	O
).	O
	
Although	O
not	O
monotonic	O
","	O
there	O
were	O
relationships	O
between	O
increased	O
1N	B-Chemical
and	O
sperm	O
concentration	O
(	O
OR	O
estimates	O
for	O
increasing	O
exposure	O
quintiles	O
were	O
1	O
.	O
0	O
","	O
0	O
.	O
7	O
","	O
2	O
.	O
3	O
","	O
3	O
.	O
6	O
","	O
2	O
.	O
4	O
;	O
p	O
-	O
value	O
for	O
trend	O
=	O
0	O
.	O
2	O
)	O
and	O
decreased	O
sperm	O
motility	O
(	O
1	O
.	O
0	O
","	O
0	O
.	O
8	O
","	O
2	O
.	O
8	O
","	O
2	O
.	O
0	O
","	O
2	O
.	O
8	O
;	O
p	O
-	O
value	O
for	O
trend	O
=	O
0	O
.	O
2	O
).	O
	
A	O
suggestive	O
relationship	O
was	O
found	O
between	O
1N	B-Chemical
and	O
abnormal	O
sperm	O
morphology	O
(	O
1	O
.	O
0	O
","	O
1	O
.	O
1	O
","	O
1	O
.	O
5	O
","	O
1	O
.	O
4	O
","	O
2	O
.	O
3	O
;	O
p	O
-	O
value	O
for	O
trend	O
=	O
0	O
.	O
9	O
).	O
	
Point	O
estimates	O
for	O
the	O
associations	O
between	O
TCPY	B-Chemical
quintiles	O
and	O
below	O
-	O
reference	O
sperm	O
concentration	O
","	O
motility	O
","	O
and	O
morphology	O
were	O
>	O
1	O
.	O
0	O
","	O
but	O
none	O
of	O
them	O
approached	O
statistical	O
significance	O
.	O
	
We	O
conducted	O
sensitivity	O
analyses	O
to	O
test	O
the	O
robustness	O
of	O
the	O
results	O
.	O
	
Associations	O
between	O
SG	O
-	O
adjusted	O
exposure	O
tertiles	O
and	O
below	O
-	O
reference	O
semen	O
parameters	O
were	O
recalculated	O
after	O
excluding	O
nine	O
azoospermic	O
men	O
.	O
	
For	O
1N	B-Chemical
","	O
ORs	O
were	O
moderately	O
attenuated	O
for	O
sperm	O
concentration	O
(	O
1	O
.	O
0	O
","	O
3	O
.	O
0	O
","	O
3	O
.	O
1	O
;	O
p	O
-	O
value	O
for	O
trend	O
=	O
0	O
.	O
5	O
)	O
but	O
were	O
unchanged	O
for	O
sperm	O
motility	O
.	O
	
ORs	O
for	O
the	O
highest	O
TCPY	B-Chemical
tertile	O
with	O
both	O
sperm	O
concentration	O
and	O
motility	O
were	O
slightly	O
larger	O
but	O
remained	O
of	O
borderline	O
statistical	O
significance	O
.	O
	
We	O
also	O
reanalyzed	O
the	O
data	O
after	O
retaining	O
the	O
58	O
men	O
with	O
SG	O
<	O
1	O
.	O
1	O
or	O
>	O
1	O
.	O
3	O
(	O
n	O
=	O
330	O
).	O
	
Estimates	O
of	O
relationships	O
with	O
1N	B-Chemical
tertiles	O
became	O
moderately	O
lower	O
for	O
sperm	O
concentration	O
(	O
1	O
.	O
0	O
","	O
3	O
.	O
0	O
","	O
2	O
.	O
6	O
;	O
p	O
-	O
value	O
for	O
trend	O
=	O
0	O
.	O
5	O
)	O
and	O
motility	O
(	O
1	O
.	O
0	O
","	O
2	O
.	O
2	O
","	O
1	O
.	O
9	O
;	O
p	O
-	O
value	O
for	O
trend	O
=	O
0	O
.	O
3	O
).	O
	
The	O
suggestive	O
relationship	O
between	O
TCPY	B-Chemical
tertiles	O
and	O
sperm	O
concentration	O
became	O
slightly	O
stronger	O
(	O
1	O
.	O
0	O
","	O
1	O
.	O
8	O
","	O
2	O
.	O
2	O
;	O
p	O
-	O
value	O
for	O
trend	O
=	O
0	O
.	O
8	O
"),"	O
whereas	O
relationships	O
of	O
1N	B-Chemical
with	O
sperm	O
morphology	O
and	O
TCPY	B-Chemical
with	O
sperm	O
motility	O
and	O
morphology	O
remained	O
weak	O
.	O
	
Results	O
of	O
multivariate	O
linear	O
regression	O
models	O
for	O
continuous	O
semen	O
parameters	O
and	O
continuous	O
urinary	O
metabolites	O
are	O
shown	O
in	O
Table	O
4	O
.	O
	
A	O
suggestive	O
association	O
between	O
SG	O
-	O
adjusted	O
1N	B-Chemical
concentration	O
and	O
decreased	O
sperm	O
concentration	O
was	O
found	O
(	O
p	O
=	O
0	O
.	O
6	O
).	O
	
As	O
in	O
the	O
logistic	O
regression	O
analysis	O
","	O
there	O
was	O
an	O
association	O
between	O
1N	B-Chemical
levels	O
and	O
a	O
decreased	O
percentage	O
of	O
motile	O
sperm	O
(	O
p	O
=	O
0	O
.	O
3	O
).	O
	
SG	O
-	O
adjusted	O
TCPY	B-Chemical
did	O
not	O
show	O
associations	O
with	O
decreased	O
concentration	O
or	O
morphology	O
","	O
but	O
there	O
was	O
a	O
suggestive	O
association	O
with	O
motility	O
.	O
	
Similar	O
results	O
were	O
found	O
in	O
sensitivity	O
analyses	O
that	O
excluded	O
nine	O
azoospermic	O
men	O
(	O
data	O
not	O
shown	O
).	O
	
Multivariate	O
linear	O
regression	O
analyses	O
for	O
CASA	O
motion	O
parameters	O
(	O
Table	O
4	O
)	O
showed	O
significant	O
inverse	O
associations	O
for	O
VSL	O
and	O
LIN	O
with	O
increased	O
SG	O
-	O
adjusted	O
TCPY	B-Chemical
(	O
p	O
-	O
values	O
<	O
0	O
.	O
5	O
).	O
	
SG	O
-	O
adjusted	O
1N	B-Chemical
levels	O
were	O
inversely	O
associated	O
with	O
VSL	O
(	O
p	O
=	O
0	O
.	O
2	O
).	O
	
CASA	O
motion	O
parameters	O
were	O
also	O
modeled	O
against	O
tertiles	O
of	O
SG	O
-	O
adjusted	O
TCPY	B-Chemical
and	O
1N	B-Chemical
.	O
	
The	O
association	O
of	O
TCPY	B-Chemical
with	O
LIN	O
became	O
nonsignificant	O
(	O
linear	O
regression	O
coefficients	O
for	O
increasing	O
exposure	O
tertiles	O
were	O
0	O
","	O
−	O
1	O
.	O
16	O
","	O
−	O
1	O
.	O
5	O
;	O
p	O
-	O
value	O
for	O
trend	O
=	O
0	O
.	O
3	O
).	O
	
An	O
inverse	O
relationship	O
remained	O
for	O
TCPY	B-Chemical
and	O
VSL	O
(	O
0	O
","	O
−	O
0	O
.	O
13	O
","	O
−	O
2	O
.	O
79	O
;	O
p	O
-	O
value	O
for	O
trend	O
=	O
0	O
.	O
5	O
)	O
and	O
between	O
1N	B-Chemical
and	O
VSL	O
(	O
0	O
","	O
−	O
2	O
.	O
17	O
","	O
−	O
3	O
.	O
50	O
;	O
p	O
-	O
value	O
for	O
trend	O
=	O
0	O
.	O
1	O
).	O
	
There	O
was	O
a	O
suggestive	O
inverse	O
relationship	O
between	O
1N	B-Chemical
and	O
VCL	O
(	O
0	O
","	O
−	O
0	O
.	O
49	O
","	O
−	O
4	O
.	O
16	O
;	O
p	O
-	O
value	O
for	O
trend	O
=	O
0	O
.	O
9	O
).	O
	
In	O
addition	O
to	O
SG	O
-	O
adjusted	O
values	O
","	O
all	O
statistical	O
analyses	O
were	O
performed	O
with	O
unadjusted	O
and	O
CRE	O
-	O
adjusted	O
TCPY	B-Chemical
and	O
1N	B-Chemical
concentrations	O
(	O
results	O
available	O
from	O
the	O
authors	O
upon	O
request	O
).	O
	
Results	O
using	O
unadjusted	O
values	O
were	O
similar	O
to	O
those	O
from	O
SG	O
-	O
adjusted	O
values	O
.	O
	
Creatinine	B-Chemical
-	O
adjusted	O
results	O
differed	O
from	O
SG	O
-	O
adjusted	O
results	O
.	O
	
The	O
only	O
relationship	O
in	O
the	O
multivariate	O
logistic	O
models	O
that	O
approached	O
statistical	O
significance	O
was	O
between	O
sperm	O
motility	O
and	O
creatinine	B-Chemical
-	O
adjusted	O
1N	B-Chemical
tertiles	O
(	O
1	O
.	O
0	O
","	O
1	O
.	O
3	O
","	O
1	O
.	O
7	O
;	O
p	O
-	O
value	O
for	O
trend	O
=	O
0	O
.	O
8	O
)	O
and	O
quintiles	O
(	O
1	O
.	O
0	O
","	O
1	O
.	O
3	O
","	O
1	O
.	O
6	O
","	O
1	O
.	O
9	O
","	O
1	O
.	O
8	O
;	O
p	O
-	O
value	O
for	O
trend	O
=	O
0	O
.	O
7	O
).	O
	
No	O
statistically	O
significant	O
associations	O
were	O
found	O
between	O
creatinine	B-Chemical
-	O
adjusted	O
metabolite	O
levels	O
and	O
outcome	O
measures	O
in	O
the	O
multivariate	O
linear	O
regression	O
analysis	O
.	O
	
Discussion	O
	
In	O
the	O
present	O
study	O
we	O
found	O
associations	O
between	O
urinary	O
metabolites	O
of	O
contemporary	O
-	O
use	O
insecticides	O
and	O
decreased	O
sperm	O
concentration	O
and	O
motility	O
in	O
humans	O
.	O
	
Specifically	O
","	O
we	O
found	O
statistically	O
significant	O
inverse	O
dose	O
–	O
response	O
relationships	O
between	O
1N	B-Chemical
and	O
sperm	O
concentration	O
and	O
motility	O
","	O
as	O
well	O
as	O
between	O
1N	B-Chemical
and	O
VSL	O
.	O
	
Suggestive	O
associations	O
were	O
found	O
between	O
1N	B-Chemical
and	O
sperm	O
morphology	O
","	O
VCL	O
","	O
and	O
LIN	O
and	O
between	O
TCPY	B-Chemical
and	O
sperm	O
concentration	O
","	O
motility	O
","	O
and	O
VSL	O
.	O
	
The	O
present	O
data	O
were	O
generally	O
consistent	O
with	O
laboratory	O
animal	O
studies	O
that	O
have	O
shown	O
an	O
association	O
between	O
exposure	O
to	O
carbaryl	B-Chemical
and	O
decreased	O
semen	O
quality	O
.	O
	
A	O
90	O
-	O
day	O
study	O
of	O
rats	O
found	O
statistically	O
significant	O
dose	O
-	O
related	O
declines	O
in	O
epididymal	O
sperm	O
count	O
and	O
percent	O
motile	O
sperm	O
","	O
as	O
well	O
as	O
increased	O
sperm	O
with	O
abnormal	O
morphology	O
(	O
Pant	O
et	O
al	O
.	O
	
1995	O
","	O
1996	O
).	O
	
In	O
an	O
earlier	O
study	O
","	O
subacute	O
and	O
chronic	O
reproductive	O
effects	O
of	O
carbaryl	B-Chemical
were	O
found	O
in	O
male	O
rats	O
(	O
Rybakova	O
1966	O
;	O
Shtenberg	O
and	O
Rybakova	O
1968	O
).	O
	
Subacute	O
exposure	O
induced	O
a	O
decrease	O
in	O
motile	O
sperm	O
by	O
an	O
average	O
of	O
40	O
%	O
after	O
50	O
days	O
","	O
whereas	O
chronic	O
exposure	O
led	O
to	O
a	O
significant	O
decrease	O
in	O
motile	O
sperm	O
among	O
even	O
the	O
lowest	O
of	O
the	O
three	O
exposed	O
groups	O
after	O
12	O
months	O
.	O
	
Limited	O
animal	O
studies	O
have	O
explored	O
relationships	O
between	O
chlorpyrifos	B-Chemical
exposure	O
and	O
semen	O
quality	O
.	O
	
Decreased	O
sperm	O
production	O
and	O
motility	O
was	O
observed	O
in	O
Holstein	O
bulls	O
6	O
months	O
after	O
dermal	O
lice	O
treatment	O
with	O
an	O
unknown	O
amount	O
of	O
chlorpyrifos	B-Chemical
[	O
Agency	O
for	O
Substances	O
and	O
Disease	O
Registry	O
(	O
ATSDR	O
)	O
1997	O
;	O
Everett	O
1982	O
].	O
	
Other	O
animal	O
studies	O
found	O
no	O
associations	O
between	O
chlorpyrifos	B-Chemical
exposure	O
and	O
altered	O
male	O
reproductive	O
health	O
(	O
ATSDR	O
1997	O
;	O
Breslin	O
et	O
al	O
.	O
	
1996	O
).	O
	
However	O
","	O
semen	O
quality	O
was	O
not	O
assessed	O
in	O
these	O
studies	O
","	O
and	O
conclusions	O
were	O
reached	O
in	O
part	O
based	O
on	O
the	O
lack	O
of	O
observed	O
changes	O
in	O
testicular	O
weight	O
.	O
	
In	O
the	O
carbaryl	B-Chemical
studies	O
","	O
no	O
change	O
in	O
rat	O
testicular	O
weight	O
was	O
reported	O
for	O
lower	O
doses	O
for	O
which	O
decreased	O
semen	O
quality	O
was	O
observed	O
(	O
Pant	O
et	O
al	O
.	O
	
1995	O
","	O
1996	O
;	O
Rybakova	O
1966	O
).	O
	
Human	O
studies	O
investigating	O
exposure	O
to	O
carbaryl	B-Chemical
and	O
chlorpyrifos	B-Chemical
and	O
associations	O
with	O
male	O
reproductive	O
health	O
are	O
limited	O
.	O
	
Until	O
recently	O
","	O
there	O
were	O
no	O
known	O
human	O
male	O
reproductive	O
health	O
studies	O
that	O
used	O
biological	O
measures	O
of	O
exposure	O
to	O
carbaryl	B-Chemical
and	O
chlorpyrifos	B-Chemical
(	O
ATSDR	O
1997	O
).	O
	
Swan	O
et	O
al	O
.	O
	
(	O
2003	O
)	O
found	O
elevated	O
but	O
nonsignificant	O
ORs	O
for	O
low	O
semen	O
quality	O
(	O
sperm	O
concentration	O
","	O
motility	O
","	O
and	O
morphology	O
below	O
the	O
population	O
median	O
)	O
among	O
24	O
Missouri	O
men	O
with	O
detectable	O
1N	B-Chemical
(	O
OR	O
=	O
2	O
.	O
7	O
;	O
95	O
%	O
CI	O
","	O
0	O
.	O
2	O
–	O
34	O
.	O
2	O
)	O
and	O
TCPY	B-Chemical
levels	O
(	O
6	O
.	O
4	O
;	O
95	O
%	O
CI	O
","	O
0	O
.	O
5	O
–	O
86	O
.	O
3	O
).	O
	
The	O
numbers	O
of	O
subjects	O
were	O
small	O
","	O
limiting	O
statistical	O
power	O
.	O
	
In	O
a	O
study	O
among	O
Chinese	O
workers	O
exposed	O
to	O
other	O
organophosphate	B-Chemical
pesticides	O
(	O
ethylparathion	B-Chemical
and	O
methamidophos	B-Chemical
"),"	O
Padungtod	O
et	O
al	O
.	O
	
(	O
2000	O
)	O
found	O
significantly	O
lower	O
sperm	O
concentration	O
and	O
sperm	O
motility	O
compared	O
with	O
nonexposed	O
workers	O
but	O
no	O
difference	O
in	O
sperm	O
morphology	O
.	O
	
In	O
the	O
present	O
study	O
","	O
the	O
relationship	O
between	O
1N	B-Chemical
and	O
sperm	O
concentration	O
below	O
the	O
WHO	O
reference	O
value	O
(	O
WHO	O
1999	O
)	O
is	O
consistent	O
with	O
two	O
published	O
reports	O
on	O
a	O
cohort	O
of	O
carbaryl	B-Chemical
production	O
workers	O
(	O
Whorton	O
et	O
al	O
.	O
	
1979	O
;	O
Wyrobek	O
et	O
al	O
.	O
	
1981	O
).	O
	
Whorton	O
and	O
co	O
-	O
workers	O
found	O
a	O
higher	O
percentage	O
of	O
exposed	O
workers	O
(	O
15	O
%)	O
had	O
sperm	O
concentrations	O
below	O
the	O
reference	O
value	O
of	O
20	O
million	O
sperm	O
/	O
mL	O
compared	O
with	O
non	O
-	O
exposed	O
controls	O
(	O
5	O
.	O
5	O
"%,"	O
p	O
=	O
0	O
.	O
7	O
).	O
	
In	O
contrast	O
to	O
the	O
present	O
study	O
","	O
Wyrobek	O
et	O
al	O
.	O
	
(	O
1981	O
)	O
reported	O
an	O
association	O
between	O
carbaryl	B-Chemical
exposure	O
and	O
sperm	O
morphology	O
.	O
	
The	O
distribution	O
of	O
abnormal	O
sperm	O
morphology	O
was	O
significantly	O
higher	O
for	O
exposed	O
workers	O
(	O
p	O
<	O
0	O
.	O
5	O
"),"	O
and	O
the	O
proportion	O
of	O
teratospermic	O
men	O
was	O
larger	O
in	O
the	O
exposed	O
group	O
(	O
29	O
%)	O
compared	O
with	O
controls	O
(	O
12	O
"%,"	O
p	O
=	O
0	O
.	O
6	O
).	O
	
Because	O
of	O
logistical	O
constraints	O
","	O
sperm	O
motility	O
was	O
not	O
measured	O
in	O
the	O
published	O
reports	O
of	O
the	O
carbaryl	B-Chemical
production	O
worker	O
study	O
.	O
	
Functional	O
defects	O
of	O
sperm	O
may	O
be	O
an	O
important	O
factor	O
in	O
male	O
infertility	O
.	O
	
The	O
role	O
of	O
reactive	B-Chemical
oxygen	I-Chemical
species	I-Chemical
(	O
ROS	B-Chemical
)	O
in	O
male	O
infertility	O
has	O
been	O
suggested	O
in	O
studies	O
that	O
found	O
higher	O
seminal	O
ROS	B-Chemical
levels	O
in	O
infertile	O
men	O
compared	O
with	O
fertile	O
controls	O
(	O
Agarwal	O
et	O
al	O
.	O
	
1994	O
;	O
Pasqualotto	O
et	O
al	O
.	O
	
2000	O
).	O
	
Sperm	O
cells	O
do	O
not	O
have	O
cytoplasmic	O
defense	O
enzymes	O
(	O
e	O
.	O
g	O
".,"	O
catalase	O
)	O
that	O
serve	O
as	O
ROS	B-Chemical
scavengers	O
.	O
	
Consequently	O
","	O
sperm	O
","	O
which	O
have	O
a	O
high	O
content	O
of	O
polyunsaturated	B-Chemical
fatty	I-Chemical
acids	I-Chemical
","	O
are	O
more	O
susceptible	O
to	O
the	O
oxidative	O
deterioration	O
of	O
polyunsaturated	B-Chemical
fatty	I-Chemical
acids	I-Chemical
known	O
as	O
lipid	B-Chemical
peroxidation	O
(	O
Sharma	O
and	O
Agarwal	O
1996	O
).	O
	
Lipid	B-Chemical
peroxidation	O
causes	O
the	O
plasma	O
membrane	O
to	O
lose	O
its	O
fluidity	O
and	O
integrity	O
","	O
ultimately	O
leading	O
to	O
loss	O
of	O
sperm	O
function	O
(	O
Aitken	O
1995	O
).	O
	
Loss	O
of	O
membrane	O
fluidity	O
also	O
impairs	O
the	O
cell	O
membrane	O
ion	B-Chemical
exchange	O
that	O
controls	O
sperm	O
movement	O
(	O
Rao	O
et	O
al	O
.	O
	
1989	O
).	O
	
Carbaryl	B-Chemical
causes	O
lipid	B-Chemical
peroxidation	O
at	O
low	O
concentrations	O
by	O
either	O
efficiently	O
lowering	O
the	O
intracellular	O
level	O
of	O
glutathione	B-Chemical
","	O
which	O
is	O
associated	O
with	O
an	O
increase	O
in	O
ROS	B-Chemical
","	O
or	O
through	O
the	O
inhibition	O
of	O
excision	O
esterases	O
(	O
Soderpalm	O
-	O
Berndes	O
and	O
Onfelt	O
1988	O
).	O
	
Thus	O
","	O
it	O
is	O
biologically	O
plausible	O
that	O
exposure	O
to	O
carbaryl	B-Chemical
may	O
be	O
associated	O
with	O
altered	O
semen	O
quality	O
","	O
particularly	O
sperm	O
motility	O
and	O
sperm	O
motion	O
.	O
	
Biomonitoring	O
for	O
insecticide	O
metabolite	O
concentrations	O
in	O
urine	O
is	O
a	O
commonly	O
used	O
indicator	O
of	O
internal	O
dose	O
integrating	O
the	O
various	O
routes	O
through	O
which	O
the	O
contaminant	O
enters	O
the	O
body	O
(	O
Barr	O
et	O
al	O
.	O
	
1999	O
).	O
	
However	O
","	O
nonpersistent	O
insecticides	O
are	O
metabolized	O
and	O
excreted	O
rapidly	O
.	O
	
For	O
example	O
","	O
TCPY	B-Chemical
has	O
an	O
estimated	O
half	O
-	O
life	O
of	O
27	O
hr	O
in	O
humans	O
(	O
Nolan	O
et	O
al	O
.	O
	
1984	O
"),"	O
and	O
levels	O
of	O
both	O
TCPY	B-Chemical
and	O
1N	B-Chemical
measured	O
in	O
urine	O
reflect	O
insecticide	O
exposure	O
in	O
the	O
previous	O
24	O
–	O
48	O
hr	O
(	O
Maroni	O
et	O
al	O
.	O
	
2000	O
).	O
	
Spermatogenesis	O
is	O
a	O
cyclical	O
process	O
that	O
takes	O
approximately	O
3	O
months	O
.	O
	
Although	O
insecticide	O
metabolite	O
levels	O
in	O
urine	O
can	O
vary	O
considerably	O
over	O
time	O
","	O
suggesting	O
that	O
a	O
single	O
urine	O
sample	O
may	O
not	O
be	O
a	O
reliable	O
surrogate	O
for	O
longer	O
-	O
term	O
exposure	O
(	O
MacIntosh	O
et	O
al	O
.	O
	
1999	O
"),"	O
we	O
recently	O
showed	O
that	O
a	O
single	O
urine	O
sample	O
was	O
predictive	O
of	O
the	O
3	O
-	O
month	O
average	O
urinary	O
insecticide	O
metabolite	O
levels	O
(	O
Meeker	O
et	O
al	O
".,"	O
in	O
press	O
).	O
	
A	O
single	O
urine	O
sample	O
correctly	O
classified	O
men	O
in	O
the	O
highest	O
3	O
-	O
month	O
exposure	O
tertile	O
with	O
a	O
sensitivity	O
(	O
specificity	O
)	O
of	O
0	O
.	O
6	O
(	O
0	O
.	O
9	O
)	O
for	O
SG	O
-	O
adjusted	O
1N	B-Chemical
and	O
0	O
.	O
5	O
(	O
0	O
.	O
8	O
)	O
for	O
SG	O
-	O
adjusted	O
TCPY	B-Chemical
.	O
	
Distributions	O
of	O
unadjusted	O
and	O
creatinine	B-Chemical
-	O
adjusted	O
TCPY	B-Chemical
and	O
1N	B-Chemical
levels	O
in	O
the	O
present	O
study	O
were	O
compared	O
with	O
those	O
recently	O
reported	O
for	O
males	O
in	O
the	O
National	O
Health	O
and	O
Nutrition	O
Examination	O
Survey	O
(	O
NHANES	O
)	O
1999	O
–	O
2000	O
(	O
CDC	O
2003	O
).	O
	
Unadjusted	O
TCPY	B-Chemical
concentrations	O
were	O
slightly	O
higher	O
in	O
the	O
present	O
study	O
","	O
with	O
median	O
and	O
95th	O
percentile	O
values	O
of	O
2	O
.	O
69	O
and	O
10	O
.	O
6	O
μg	O
/	O
L	O
","	O
respectively	O
","	O
compared	O
with	O
1	O
.	O
90	O
and	O
9	O
.	O
9	O
μg	O
/	O
L	O
from	O
NHANES	O
1999	O
–	O
2000	O
.	O
	
Median	O
and	O
95th	O
percentiles	O
for	O
unadjusted	O
1N	B-Chemical
concentrations	O
were	O
also	O
higher	O
in	O
the	O
present	O
study	O
(	O
2	O
.	O
86	O
and	O
13	O
.	O
3	O
μg	O
/	O
L	O
","	O
respectively	O
","	O
vs	O
.	O
	
1	O
.	O
40	O
and	O
11	O
.	O
0	O
μg	O
/	O
L	O
from	O
NHANES	O
1999	O
–	O
2000	O
).	O
	
SG	O
-	O
adjusted	O
TCPY	B-Chemical
and	O
1N	B-Chemical
distributions	O
were	O
not	O
reported	O
by	O
NHANES	O
1999	O
–	O
2000	O
(	O
CDC	O
2003	O
).	O
	
In	O
the	O
present	O
study	O
","	O
we	O
obtained	O
similar	O
results	O
using	O
SG	O
-	O
adjusted	O
or	O
unadjusted	O
urine	O
metabolite	O
levels	O
","	O
but	O
our	O
results	O
were	O
different	O
for	O
creatinine	B-Chemical
-	O
adjusted	O
levels	O
.	O
	
The	O
inability	O
to	O
detect	O
associations	O
using	O
creatinine	B-Chemical
-	O
adjusted	O
values	O
may	O
reflect	O
tubular	O
secretion	O
of	O
1N	B-Chemical
and	O
thus	O
excretion	O
rates	O
of	O
1N	B-Chemical
that	O
are	O
independent	O
of	O
urine	O
flow	O
through	O
the	O
glomerulus	O
and	O
not	O
directly	O
related	O
to	O
the	O
amount	O
of	O
creatinine	B-Chemical
that	O
is	O
filtered	O
(	O
Boeniger	O
et	O
al	O
.	O
	
1993	O
).	O
	
Adjustment	O
of	O
1N	B-Chemical
concentration	O
by	O
urinary	O
dilution	O
using	O
creatinine	B-Chemical
may	O
introduce	O
additional	O
nondifferential	O
exposure	O
measurement	O
error	O
","	O
further	O
limiting	O
the	O
ability	O
to	O
find	O
associations	O
between	O
exposure	O
and	O
outcome	O
.	O
	
Strengths	O
of	O
the	O
present	O
study	O
include	O
its	O
size	O
and	O
high	O
participation	O
rate	O
and	O
the	O
use	O
of	O
biological	O
markers	O
of	O
exposure	O
.	O
	
To	O
test	O
the	O
robustness	O
of	O
the	O
data	O
analysis	O
","	O
we	O
used	O
several	O
modeling	O
approaches	O
in	O
which	O
exposures	O
and	O
outcomes	O
were	O
used	O
as	O
both	O
continuous	O
and	O
categorical	O
measures	O
.	O
	
The	O
results	O
were	O
consistent	O
across	O
modeling	O
approaches	O
","	O
suggesting	O
that	O
the	O
data	O
were	O
not	O
sensitive	O
to	O
the	O
statistical	O
analysis	O
methods	O
used	O
.	O
	
Study	O
weaknesses	O
included	O
collecting	O
only	O
a	O
single	O
urine	O
sample	O
as	O
an	O
estimate	O
of	O
3	O
-	O
month	O
exposure	O
and	O
collecting	O
only	O
a	O
single	O
semen	O
sample	O
to	O
assess	O
semen	O
quality	O
.	O
	
However	O
","	O
our	O
earlier	O
work	O
supported	O
the	O
utility	O
of	O
a	O
single	O
urine	O
specimen	O
as	O
predictive	O
of	O
3	O
-	O
month	O
average	O
exposure	O
(	O
Meeker	O
et	O
al	O
".,"	O
in	O
press	O
).	O
	
In	O
conclusion	O
","	O
associations	O
between	O
1N	B-Chemical
and	O
sperm	O
concentration	O
and	O
motility	O
were	O
found	O
that	O
are	O
consistent	O
with	O
animal	O
studies	O
of	O
carbaryl	B-Chemical
exposure	O
.	O
	
The	O
sperm	O
motion	O
parameter	O
most	O
strongly	O
associated	O
with	O
urinary	O
1N	B-Chemical
was	O
VSL	O
","	O
although	O
suggestive	O
associations	O
of	O
1N	B-Chemical
with	O
VCL	O
and	O
LIN	O
were	O
also	O
found	O
.	O
	
There	O
were	O
also	O
suggestive	O
associations	O
between	O
TCPY	B-Chemical
and	O
sperm	O
concentration	O
and	O
motility	O
","	O
but	O
they	O
are	O
difficult	O
to	O
interpret	O
because	O
there	O
are	O
currently	O
limited	O
human	O
and	O
animal	O
data	O
.	O
	
Because	O
most	O
of	O
the	O
U	O
.	O
S	O
.	O
	
population	O
is	O
exposed	O
to	O
these	O
insecticides	O
(	O
CDC	O
2003	O
"),"	O
the	O
public	O
health	O
significance	O
of	O
an	O
association	O
with	O
semen	O
quality	O
is	O
potentially	O
large	O
.	O
	
For	O
instance	O
","	O
our	O
results	O
suggest	O
that	O
an	O
interquartile	O
range	O
increase	O
in	O
carbaryl	B-Chemical
metabolite	O
levels	O
in	O
urine	O
is	O
associated	O
with	O
a	O
4	O
%	O
decrease	O
in	O
sperm	O
motility	O
.	O
	
Although	O
this	O
may	O
not	O
alter	O
an	O
individual	O
man	O
’	O
s	O
fertility	O
","	O
a	O
4	O
%	O
decrease	O
in	O
the	O
mean	O
of	O
the	O
distribution	O
of	O
sperm	O
motility	O
among	O
U	O
.	O
S	O
.	O
	
men	O
may	O
result	O
in	O
a	O
significant	O
increase	O
in	O
the	O
number	O
of	O
men	O
in	O
the	O
lower	O
tail	O
of	O
the	O
sperm	O
motility	O
distribution	O
","	O
increasing	O
the	O
number	O
of	O
subfertile	O
men	O
.	O
	
Further	O
studies	O
are	O
needed	O
to	O
confirm	O
these	O
preliminary	O
findings	O
and	O
assess	O
the	O
potential	O
public	O
health	O
significance	O
.	O
	
References	O
	
Adjusted	O
ORs	O
and	O
95	O
%	O
CIs	O
for	O
below	O
-	O
reference	O
semen	O
parameters	O
by	O
increasing	O
quintiles	O
of	O
1N	B-Chemical
for	O
(	O
A	O
)	O
sperm	O
concentration	O
(	O
p	O
-	O
value	O
for	O
trend	O
=	O
0	O
.	O
2	O
"),"	O
(	O
B	O
)	O
motility	O
(	O
p	O
-	O
value	O
for	O
trend	O
=	O
0	O
.	O
2	O
"),"	O
and	O
(	O
C	O
)	O
morphology	O
(	O
p	O
-	O
value	O
for	O
trend	O
=	O
0	O
.	O
9	O
).	O
	
The	O
quintiles	O
of	O
SG	O
-	O
adjusted	O
1N	B-Chemical
(	O
μg	O
/	O
L	O
)	O
are	O
as	O
follows	O
:	O
Q1	O
(	O
low	O
"),"	O
<	O
LOD	O
to	O
1	O
.	O
50	O
;	O
Q2	O
","	O
1	O
.	O
50	O
–	O
2	O
.	O
67	O
;	O
Q3	O
","	O
2	O
.	O
67	O
–	O
3	O
.	O
73	O
;	O
Q4	O
","	O
3	O
.	O
73	O
–	O
5	O
.	O
86	O
;	O
Q5	O
(	O
high	O
"),"	O
5	O
.	O
86	O
–	O
159	O
.	O
7	O
.	O
	
Adjusted	O
ORs	O
and	O
95	O
%	O
CIs	O
for	O
below	O
-	O
reference	O
semen	O
parameters	O
by	O
increasing	O
quintiles	O
of	O
TCPY	B-Chemical
for	O
(	O
A	O
)	O
sperm	O
concentration	O
(	O
p	O
-	O
value	O
for	O
trend	O
=	O
0	O
.	O
21	O
"),"	O
(	O
B	O
)	O
motility	O
(	O
p	O
-	O
value	O
for	O
trend	O
=	O
0	O
.	O
15	O
"),"	O
and	O
(	O
C	O
)	O
morphology	O
(	O
p	O
-	O
value	O
for	O
trend	O
=	O
0	O
.	O
26	O
).	O
	
The	O
quintiles	O
of	O
SG	O
-	O
adjusted	O
TCPY	B-Chemical
(	O
μg	O
/	O
L	O
)	O
are	O
as	O
follows	O
:	O
Q1	O
(	O
low	O
"),"	O
<	O
LOD	O
to	O
1	O
.	O
45	O
;	O
Q2	O
","	O
1	O
.	O
45	O
–	O
2	O
.	O
72	O
;	O
Q3	O
","	O
2	O
.	O
72	O
–	O
3	O
.	O
85	O
;	O
Q4	O
","	O
3	O
.	O
85	O
–	O
5	O
.	O
59	O
;	O
Q5	O
(	O
high	O
"),"	O
5	O
.	O
59	O
–	O
40	O
.	O
69	O
.	O
	
Distribution	O
of	O
insecticide	O
(	O
carbaryl	B-Chemical
and	O
chlorpyrifos	B-Chemical
)	O
metabolite	O
levels	O
in	O
urine	O
.	O
	
Number	O
of	O
subjects	O
.	O
	
LOD	O
for	O
1N	B-Chemical
=	O
0	O
.	O
40	O
μg	O
/	O
L	O
;	O
99	O
.	O
7	O
%	O
of	O
samples	O
>	O
LOD	O
.	O
	
LOD	O
for	O
TCPY	B-Chemical
=	O
0	O
.	O
25	O
μg	O
/	O
L	O
;	O
93	O
.	O
9	O
%	O
of	O
samples	O
>	O
LOD	O
.	O
	
Excluded	O
58	O
samples	O
with	O
SG	O
>	O
1	O
.	O
3	O
or	O
<	O
1	O
.	O
1	O
.	O
	
Excluded	O
23	O
samples	O
with	O
creatinine	B-Chemical
>	O
300	O
or	O
<	O
30	O
mg	O
/	O
dL	O
.	O
	
Demographic	O
categories	O
by	O
semen	O
parametersa	O
(	O
n	O
=	O
330	O
).	O
	
Information	O
on	O
race	O
missing	O
for	O
one	O
man	O
and	O
on	O
smoking	O
for	O
three	O
men	O
.	O
	
Adjusted	O
ORsa	O
(	O
95	O
%	O
CIs	O
)	O
for	O
SG	O
-	O
adjusted	O
metabolite	O
tertiles	O
(	O
n	O
=	O
272	O
).	O
b	O
	
ORs	O
adjusted	O
for	O
age	O
and	O
abstinence	O
time	O
.	O
	
Excluded	O
58	O
subjects	O
with	O
SG	O
>	O
1	O
.	O
3	O
or	O
<	O
1	O
.	O
1	O
.	O
	
Number	O
of	O
subjects	O
in	O
each	O
exposure	O
tertile	O
with	O
below	O
-	O
reference	O
semen	O
parameters	O
.	O
	
The	O
semen	O
parameter	O
categories	O
were	O
not	O
mutually	O
exclusive	O
;	O
a	O
man	O
could	O
contribute	O
data	O
to	O
one	O
","	O
two	O
","	O
or	O
all	O
three	O
of	O
the	O
below	O
-	O
reference	O
groups	O
.	O
	
SG	O
-	O
adjusted	O
1N	B-Chemical
tertiles	O
:	O
low	O
","	O
<	O
LOD	O
to	O
2	O
.	O
36	O
μg	O
/	O
L	O
;	O
medium	O
","	O
2	O
.	O
36	O
–	O
4	O
.	O
2	O
μg	O
/	O
L	O
;	O
high	O
","	O
4	O
.	O
2	O
–	O
159	O
.	O
7	O
μg	O
/	O
L	O
.	O
	
SG	O
-	O
adjusted	O
TCPY	B-Chemical
tertiles	O
:	O
low	O
","	O
<	O
LOD	O
to	O
2	O
.	O
30	O
μg	O
/	O
L	O
;	O
medium	O
","	O
2	O
.	O
30	O
–	O
4	O
.	O
42	O
μg	O
/	O
L	O
;	O
high	O
","	O
4	O
.	O
42	O
–	O
40	O
.	O
7	O
μg	O
/	O
L	O
.	O
	
p	O
<	O
0	O
.	O
5	O
.	O
	
Adjusted	O
regression	O
coefficientsa	O
","	O
b	O
for	O
a	O
change	O
in	O
semen	O
parameters	O
and	O
sperm	O
motion	O
parameters	O
associated	O
with	O
an	O
interquartile	O
range	O
(	O
IQR	O
)	O
c	O
increase	O
in	O
SG	O
-	O
adjusted	O
insecticide	O
metabolite	O
levels	O
(	O
n	O
=	O
272	O
).	O
	
Regression	O
coefficients	O
were	O
adjusted	O
for	O
age	O
and	O
abstinence	O
time	O
.	O
	
Regression	O
coefficients	O
for	O
motility	O
","	O
morphology	O
","	O
and	O
motion	O
parameters	O
represent	O
the	O
change	O
in	O
semen	O
parameter	O
for	O
an	O
IQR	O
change	O
in	O
insecticide	O
metabolite	O
concentration	O
(	O
0	O
","	O
no	O
change	O
in	O
semen	O
parameter	O
for	O
an	O
IQR	O
change	O
in	O
insecticide	O
metabolite	O
concentration	O
;	O
<	O
0	O
","	O
a	O
decrease	O
in	O
semen	O
parameter	O
for	O
an	O
IQR	O
change	O
in	O
insecticide	O
metabolite	O
concentration	O
;	O
>	O
0	O
","	O
an	O
increase	O
in	O
semen	O
parameter	O
for	O
an	O
IQR	O
change	O
in	O
insecticide	O
metabolite	O
concentration	O
).	O
	
1N	B-Chemical
IQR	O
=	O
1	O
.	O
80	O
–	O
5	O
.	O
2	O
μg	O
/	O
L	O
;	O
TCPY	B-Chemical
IQR	O
=	O
1	O
.	O
76	O
–	O
5	O
.	O
1	O
μg	O
/	O
L	O
.	O
	
1N	B-Chemical
and	O
TCPY	B-Chemical
were	O
log	O
transformed	O
for	O
regression	O
analysis	O
.	O
	
Sperm	O
concentration	O
was	O
log	O
transformed	O
.	O
	
The	O
coefficient	O
represents	O
a	O
multiplicative	O
change	O
in	O
sperm	O
concentration	O
per	O
IQR	O
change	O
in	O
TCPY	B-Chemical
or	O
1N	B-Chemical
(	O
1	O
.	O
0	O
","	O
no	O
change	O
in	O
sperm	O
concentration	O
for	O
an	O
IQR	O
change	O
in	O
insecticide	O
metabolite	O
concentration	O
;	O
<	O
1	O
.	O
0	O
","	O
a	O
multiplicative	O
decrease	O
in	O
sperm	O
concentration	O
for	O
an	O
IQR	O
change	O
in	O
insecticide	O
metabolite	O
concentration	O
;	O
>	O
1	O
.	O
0	O
","	O
a	O
multiplicative	O
increase	O
in	O
sperm	O
concentration	O
for	O
an	O
IQR	O
change	O
in	O
insecticide	O
metabolite	O
concentration	O
).	O
	
VSL	O
","	O
VCL	O
","	O
and	O
LIN	O
analyses	O
not	O
performed	O
on	O
9	O
azoospermic	O
men	O
;	O
n	O
=	O
263	O
.	O
	
TCPY	B-Chemical
IQR	O
=	O
1	O
.	O
76	O
–	O
5	O
.	O
8	O
μg	O
/	O
L	O
;	O
1N	B-Chemical
IQR	O
=	O
1	O
.	O
77	O
–	O
5	O
.	O
2	O
μg	O
/	O
L	O
.	O
	
p	O
<	O
0	O
.	O
5	O
.	O
